제목,URL
KODEX 200선물인버스2X,/item/main.naver?code=252670
케이사인,/item/main.naver?code=192250
KODEX 코스닥150선물인버스,/item/main.naver?code=251340
씨씨에스,/item/main.naver?code=066790
성호전자,/item/main.naver?code=043260
엔젤로보틱스,/item/main.naver?code=455900
삼성전자,/item/main.naver?code=005930
KODEX 인버스,/item/main.naver?code=114800
KODEX 코스닥150레버리지,/item/main.naver?code=233740
알루코,/item/main.naver?code=001780
옵투스제약,/item/main.naver?code=131030
삼성 인버스 2X WTI원유 선물 ETN,/item/main.naver?code=530036
KODEX 레버리지,/item/main.naver?code=122630
씨엔플러스,/item/main.naver?code=115530
HLB바이오스텝,/item/main.naver?code=278650
엔젤로보틱스,/item/main.naver?code=455900
샌즈랩,/item/main.naver?code=411080
케이사인,/item/main.naver?code=192250
프리엠스,/item/main.naver?code=053160
삼천당제약,/item/main.naver?code=000250
모니터랩,/item/main.naver?code=434480
일진디스플,/item/main.naver?code=020760
윈텍,/item/main.naver?code=320000
아이오케이,/item/main.naver?code=078860
씨씨에스,/item/main.naver?code=066790
토마토시스템,/item/main.naver?code=393210
진원생명과학,/item/main.naver?code=011000
한미반도체,/item/main.naver?code=042700
HLB이노베이션,/item/main.naver?code=024850
룽투코리아,/item/main.naver?code=060240
아이톡시,/item/main.naver?code=052770
제이투케이바이오,/item/main.naver?code=420570
에이치앤비디자인,/item/main.naver?code=227100
레이,/item/main.naver?code=228670
경동인베스트,/item/main.naver?code=012320
엔터파트너즈,/item/main.naver?code=058450
대상홀딩스우,/item/main.naver?code=084695
신풍제약,/item/main.naver?code=019170
대교우B,/item/main.naver?code=019685
와이바이오로직스,/item/main.naver?code=338840
이엠앤아이,/item/main.naver?code=083470
국제약품,/item/main.naver?code=002720
한미사이언스,/item/main.naver?code=008930
신도기연,/item/main.naver?code=290520
삼성화재우,/item/main.naver?code=000815
삼성전자,/item/main.naver?code=005930
SK하이닉스,/item/main.naver?code=000660
LG에너지솔루션,/item/main.naver?code=373220
삼성바이오로직스,/item/main.naver?code=207940
삼성전자우,/item/main.naver?code=005935
현대차,/item/main.naver?code=005380
기아,/item/main.naver?code=000270
셀트리온,/item/main.naver?code=068270
POSCO홀딩스,/item/main.naver?code=005490
삼성SDI,/item/main.naver?code=006400
LG화학,/item/main.naver?code=051910
NAVER,/item/main.naver?code=035420
삼성물산,/item/main.naver?code=028260
KB금융,/item/main.naver?code=105560
에코프로비엠,/item/main.naver?code=247540
미국USD,/marketindex/exchangeDetail.naver?marketindexCd=FX_USDKRW
일본JPY (100엔),/marketindex/exchangeDetail.naver?marketindexCd=FX_JPYKRW
유럽연합EUR,/marketindex/exchangeDetail.naver?marketindexCd=FX_EURKRW
중국CNY,/marketindex/exchangeDetail.naver?marketindexCd=FX_CNYKRW
달러/일본 엔(03.25),/marketindex/worldExchangeDetail.naver?marketindexCd=FX_USDJPY
 유로/달러(03.25),/marketindex/worldExchangeDetail.naver?marketindexCd=FX_EURUSD
 파운드/달러(03.25),/marketindex/worldExchangeDetail.naver?marketindexCd=FX_GBPUSD
 달러인덱스(03.25),/marketindex/worldExchangeDetail.naver?marketindexCd=FX_USDX
CD(91일)(03.25),/marketindex/interestDetail.naver?marketindexCd=IRR_CD91
콜금리(03.25),/marketindex/interestDetail.naver?marketindexCd=IRR_CALL
국고채(3년)(03.25),/marketindex/interestDetail.naver?marketindexCd=IRR_GOVT03Y
회사채(3년)(03.25),/marketindex/interestDetail.naver?marketindexCd=IRR_CORP03Y
두바이유(03.25),/marketindex/worldOilDetail.naver?fdtc=2&marketindexCd=OIL_DU
 WTI(03.25),/marketindex/worldOilDetail.naver?fdtc=2&marketindexCd=OIL_CL
 휘발유(03.26),/marketindex/oilDetail.naver?marketindexCd=OIL_GSL
 고급휘발유(03.26),/marketindex/oilDetail.naver?marketindexCd=OIL_HGSL
국제금(03.25),/marketindex/worldGoldDetail.naver?marketindexCd=CMDT_GC&fdtc=2
 국내금(03.26),/marketindex/goldDetail.naver
구리(03.25),/marketindex/materialDetail.naver?marketindexCd=CMDT_CDY
납(03.25),/marketindex/materialDetail.naver?marketindexCd=CMDT_PDY
천연가스(03.25),/marketindex/materialDetail.naver?marketindexCd=CMDT_NG
옥수수(03.25),/marketindex/materialDetail.naver?marketindexCd=CMDT_C
다우산업(03.25),/world/sise.naver?symbol=DJI@DJI&fdtc=0
 나스닥(03.25),/world/sise.naver?symbol=NAS@IXIC&fdtc=0
 홍콩H(03.26),/world/sise.naver?symbol=HSI@HSCE&fdtc=0
 상해종합(03.26),/world/sise.naver?symbol=SHS@000001&fdtc=0
 니케이225(03.26),/world/sise.naver?symbol=NII@NI225&fdtc=0
삼성전자,/item/main.naver?code=005930
엔젤로보틱스,/item/main.naver?code=455900
한미반도체,/item/main.naver?code=042700
HLB,/item/main.naver?code=028300
SK하이닉스,/item/main.naver?code=000660
